"User Type ID","First Name","Last Name","Phone Number",Email,Password,"Date of Birth"
1,zeythpwsnb,Smith,9290782124,nabydmlpsi@example.com,gmknXWDSAU,1953-11-04
1,nwhfzgjvrp,Smith,9518115138,ijdqsacumr@example.com,n6PLZsOrKY,1988-11-04
1,gmztflvarj,Smith,9140893271,imwcvfebdu@example.com,S6XVHxJ8RW,2005-11-04
1,dkehbnylir,Smith,9305992133,jnudhmczwk@example.com,s4l5dFkDtP,1984-11-04
1,zdmbuajxck,Smith,9802118013,wvjunatlcf@example.com,ctvpnYZ6CG,1969-11-04
1,irtqmnspxd,Smith,9514229868,yxqbedhmtf@example.com,5tif2hozc6,1994-11-04
1,vqpudfwbro,Smith,9524397481,beojmxugpn@example.com,8yfDvzIrJZ,2003-11-04
1,slzoijkndy,Smith,9188011445,jstnefhpio@example.com,LgtejVhZor,2002-11-04
1,gvcjmeyrla,Smith,9798840198,vexqtcdmkh@example.com,NZmS8I3hQY,1999-11-04
1,yuxwzsemvd,Smith,9465022317,fmvjxczdug@example.com,d2N9mg6OTz,1999-11-04
1,vtueqpaihf,Smith,9807590896,ebspnywdoq@example.com,2CMfuOQJ7t,1970-11-04
1,rwigacmlkn,Smith,9571011885,hoivpuagyf@example.com,imqHbXVAOG,1991-11-04
1,verdqigtsh,Smith,9115646882,wzerhfyodu@example.com,dtKmJWgTIk,1987-11-04
1,onefkwshra,Smith,9279336719,tnrvzmqadc@example.com,7asvMlDBXL,2002-11-04
1,qbnikugxrt,Smith,9013716861,tsoxhvzjnc@example.com,m3WC7RbM4n,1987-11-04
1,lbehtnavcu,Smith,9114320479,bsxnwpfyau@example.com,BKmsMqPOxR,2004-11-04
1,asmewrcnld,Smith,9218775410,egjpunxqhm@example.com,PgJLyu6Fdb,1988-11-04
1,mdcxbqwoul,Smith,9882839642,wlhpikefgd@example.com,kPe4jqIKYO,1999-11-04
1,qyuezalmgp,Smith,9080272530,mrzuxcygwn@example.com,59oy3HFAwJ,1975-11-04
1,rdubkjzwqs,Smith,9214702338,nbucwgvlpr@example.com,GtpOZV3hAo,1972-11-04
1,doiubynrlm,Smith,9420284779,myoecrbxhd@example.com,71E6xkIztU,1996-11-04
1,uvwectplsa,Smith,9991536320,wjgmkpxdez@example.com,QhlmMeUbz5,1980-11-04
1,thmxncqdwf,Smith,9012583334,qmvkphbfos@example.com,djzcRChpDM,1989-11-04
1,zikhmlxuws,Smith,9982826133,njebsthfvw@example.com,Fpzr6kbY9Z,1989-11-04
1,cgdsklowqu,Smith,9627495563,xqfgsureil@example.com,SrwfHWaild,1976-11-04
1,cnuivabyod,Smith,9745008781,crkqstydba@example.com,Ot1bgM4s7f,1975-11-04
1,irnhkbvuey,Smith,9777139664,duiajcgvrw@example.com,tdsxI0RcNu,2003-11-04
1,yagvrncext,Smith,9066679837,qwmylfichz@example.com,kQwyqfXjem,1991-11-04
1,iwqnoxudpv,Smith,9427373216,xrtmgqpdnc@example.com,fpZmyOidJ8,1990-11-04
1,idwopbcalm,Smith,9042694788,jnhwufocym@example.com,Miv58TctdG,1995-11-04
1,bqurtfepwx,Smith,9008180677,ifbrxklnua@example.com,ITvlOZoLHJ,1984-11-04
1,zpgkociesm,Smith,9281010382,ptzeyucwri@example.com,kVxryLPXUi,1969-11-04
1,aieotmcksf,Smith,9851213704,qutcohrkzw@example.com,96i58AWtgm,1983-11-04
1,deznysjmxt,Smith,9545006812,juwpaxbokr@example.com,M9Ok3eiuLy,1972-11-04
1,ghynukwcae,Smith,9146798994,murnjayhcp@example.com,6aAeufpcGW,1990-11-04
1,fbdolrtpvq,Smith,9599466389,ehxpynqjtb@example.com,usWDRl3PEr,1994-11-04
1,ptabynsiuv,Smith,9104559085,kqtzgmvjdb@example.com,UBXmrwvI4k,1981-11-04
1,oetbkruimx,Smith,9593002443,qwyegknabs@example.com,YLpQzG68fB,1976-11-04
1,swhqezptxg,Smith,9543672827,cpifnajobs@example.com,qQ9ruxhVYG,1972-11-04
1,tumacefolp,Smith,9495260126,cemyhfalkt@example.com,rPxfX07B8F,2000-11-04
1,hxkqovcpgz,Smith,9988516289,xnzseofhkg@example.com,5OZLih4nsp,1977-11-04
1,mepofjidht,Smith,9885331316,alfygbnkrz@example.com,aBhQ012Ogf,1957-11-04
1,pultdckorm,Smith,9123034420,uoeajgslbz@example.com,TNsz6mBHLS,1957-11-04
1,adrozjneus,Smith,9353575592,eyptfzmkag@example.com,jRwXeyrotC,1973-11-04
1,zdtmophqgr,Smith,9253171868,xqwsybazng@example.com,UasvBNr6nb,1964-11-04
1,zpfnxgtiyo,Smith,9465069836,rlumakybwf@example.com,ajer8TsPUn,1982-11-04
1,isxpugvrfh,Smith,9216990889,bqxfigmoyd@example.com,29qImtvF6k,2002-11-04
1,vjnwpsfbux,Smith,9165985649,iyxhstckwb@example.com,0fYzV8uqLr,1995-11-04
1,mceusrjxow,Smith,9077237266,ynvxrdgwoa@example.com,MzWDHw7Ggs,1953-11-04
1,blxnzjasvw,Smith,9573994749,bmxrjcklzf@example.com,vg6HESO1yL,2002-11-04
1,pqolkgyitv,Smith,9564737459,emyufhbjno@example.com,yPuqE3toZv,1984-11-04
1,njyqvwefcs,Smith,9245574341,nkdrzwmcef@example.com,RX5EgDvCh8,1962-11-04
1,tmpvhlfyue,Smith,9294433382,nbjhtvzokg@example.com,CorLWDldhc,1990-11-04
1,epurvfnydq,Smith,9453314802,jwuizgphvf@example.com,UISqkh8JZ4,2003-11-04
1,dquyizospa,Smith,9659983435,fpsmkhcoda@example.com,2bGwWIkFpE,1990-11-04
1,oysfzqpdua,Smith,9465960480,pykdgzvaft@example.com,WQMmj96FaR,1986-11-04
1,bdriehgxsc,Smith,9394182415,vbshmqafod@example.com,wkZHobJ36s,1971-11-04
1,nexkvidwpj,Smith,9195045901,wjruvshbpm@example.com,7fn4z8PxmX,1984-11-04
1,uyltprqfjm,Smith,9676344806,pxavynetor@example.com,SWAn7tUYF5,1999-11-04
1,puzvehacbi,Smith,9275134192,uitnslwpjd@example.com,5p8KuPVvg7,1980-11-04
1,mplrqsdktc,Smith,9891332067,jkobyfzmvl@example.com,DRz7l096wO,1974-11-04
1,mgharqsblx,Smith,9369742145,mnzsrglxud@example.com,zYRcBToZfk,1983-11-04
1,npevjqxgml,Smith,9987547630,lqyakvzrnb@example.com,QZrcwh49MT,1961-11-04
1,ycagvkdxsi,Smith,9547191314,ifnbwzjhsr@example.com,IaKDgs0VUM,1990-11-04
1,sokgfxeynl,Smith,9700016150,udxgbrsimc@example.com,fiEpbJoQUX,1981-11-04
1,vxoakumyfi,Smith,9042359585,xyzckdowmt@example.com,SehxByzOP5,1990-11-04
1,mnhvzclsyk,Smith,9614128770,oypbaftcer@example.com,lKGH4m6d7x,1988-11-04
1,ylweujodxr,Smith,9951264694,xnvhgzbmis@example.com,n3mgiKURvN,1982-11-04
1,jdspzuekci,Smith,9660830438,vkrgibjeao@example.com,eUEKbnVDAH,1958-11-04
1,vjdfphumaz,Smith,9413340826,rqgxospdju@example.com,ZJUctbVgrM,1976-11-04
1,cormszuqdb,Smith,9124701965,hoiluwfycj@example.com,VsWwZejBUo,1992-11-04
1,vyoteuwxhz,Smith,9132453781,qgbfdscrmu@example.com,CEcBSAdbp9,2005-11-04
1,bnjfxcpavo,Smith,9491883708,pnrwtuvybl@example.com,RfAuScK5gL,1989-11-04
1,ypjnaouqlt,Smith,9883252649,majywnobqk@example.com,6d4giprZvC,1965-11-04
1,tzqlawnpmk,Smith,9351947390,uqfncjwtgv@example.com,tB3kJj1DUq,1988-11-04
1,ruhbmpvlai,Smith,9347093616,kworlhtpmb@example.com,8l4pxR2MaE,1972-11-04
1,wmtgnfljcp,Smith,9337457143,juahmxqkgp@example.com,rO1smlYf5z,1962-11-04
1,dqogykwfbu,Smith,9772206698,onqmkrdwzx@example.com,1YewDslRZK,1988-11-04
1,mtqzfgvcle,Smith,9729679201,fdyhkbiteg@example.com,gXdWt8T3Aa,1981-11-04
1,sejfbgvnla,Smith,9187426560,hgwboeritu@example.com,sxNbfWUmqz,1981-11-04
1,kqwbzrepht,Smith,9639001437,uwltcgpjmk@example.com,FEzyI5eDH8,1966-11-04
1,qpmwaknfis,Smith,9972172689,ipdsukejom@example.com,PHEIZS7A6W,1997-11-04
1,thfmraedyk,Smith,9390874367,vyahcpxokb@example.com,Rs1YGHQPNF,1957-11-04
1,paybiwdqju,Smith,9715234477,dntmlbiahc@example.com,tyXj1r9mJs,1953-11-04
1,niguzykjca,Smith,9536474173,rgpkydlxvu@example.com,nqfWvkP2ti,1997-11-04
1,rgifzcyulm,Smith,9614447992,jdhgfsnbzw@example.com,CDyUwKEcrT,1965-11-04
1,yfbluwrdva,Smith,9827933584,kwzmhuvijt@example.com,G60crgCbYw,1995-11-04
1,ujxlrentgb,Smith,9170688699,bpcqhmfvty@example.com,Od6cinBs5Z,1961-11-04
1,evshnjyakq,Smith,9559646444,hwfmxdgoli@example.com,jmczng6K2E,1982-11-04
1,mejtlpihzx,Smith,9916388693,dpwqjbvcxk@example.com,FMNHjbweRd,1997-11-04
1,sjxmktiudr,Smith,9932077552,smrobypfzu@example.com,34vEpLowaB,1976-11-04
1,zkprbmtwls,Smith,9290604935,huxkgiwndz@example.com,c6tyO2S307,1998-11-04
1,ycazgmrdxf,Smith,9621139598,binszvutyk@example.com,Mvyu87SRVG,1979-11-04
1,akjvrgzdoc,Smith,9207573451,pbeawjzigc@example.com,S389CDHwto,1987-11-04
1,zihybskjpu,Smith,9323955613,humgtejcpy@example.com,H0xw46mvrO,1998-11-04
1,qwkhxgrdon,Smith,9565970779,rqfwlvuhep@example.com,7fxQM9jvlo,2003-11-04
1,oieagcuvwy,Smith,9404183313,vpmdchxtwi@example.com,PF2kV7rSnE,1984-11-04
1,ksiwgauqep,Smith,9568372696,vkibsoyagm@example.com,FSJ0Hf2nj4,1970-11-04
1,purdstimfk,Smith,9031769635,qyhbgxizfd@example.com,Wegm0fJPBw,1960-11-04
1,cwnqpyroat,Smith,9630361552,gipcwufsoz@example.com,9h08zfT7mQ,1993-11-04
